Period,Sub_Period,New_Store,Existing Sales
4,11,2588356.55818689,21136641.7817753
4,12,2498567.17438226,20507039.1238402
5,1,2919067.02480063,23506565.9823547
5,2,2797280.08298446,22208405.7551534
5,3,3163764.85919132,25380147.7719632
5,4,3202813.28867789,25966799.4651126
5,5,3228212.2422663,26113792.5651165
5,6,2868914.81208235,22899285.7691163
5,7,2538372.26653368,20499583.9082264
5,8,2485732.28485161,19971242.8207044
5,9,2583447.59373453,20602665.9169652
5,10,2562181.69998,21073222.0818537
